Workbook

Sheet Sheet1
AA1: 文書番号：GM009
A2: 供給者管理リスト(車載関係用） | AA2: 承認 | AB2: 作成
C4: 更新： | D4: 45930 | AA4: 作成日 | AB4: 44207
B5: ID | C5: 供給者名（発注先） | D5: メーカー名 | E5: 新規 | F5: 継続 | G5: 管理ランク | H5: 購買品 | I5: ISO有無 | J5: 有効期限 | K5: 認証機関 | L5: 評価対象 | M5: QMS開発 | N5: 第２者監査 | O5: 供給者開発 | P5: 2024年仕入実績 | Q5: ISO取得状況 | R5: 車載関係 | S5: 関係部署 | T5: 取引内容 | U5: 発注方法 | V5: 担当者 | W5: メール | X5: 住所① | Y5: 住所② | Z5: 郵便番号 | AA5: TEL | AB5: FAX | AC5: EMail | AD5: HsuSyori | AE5: Yomi | AF5: KANAGATA | AG5: BankCod | AH5: BankName | AI5: BankSCod | AJ5: BankSName | AK5: TesuInt | AL5: BNumber | AM5: KOUZA | AN5: MyCurrency | AO5: SView | AP5: SHIHARAI | AQ5: SYANAIKAN
C6: △：ドキュメント監査 | N6: △の仕入れ先に対して、書類を送る。 | X6: 住所①
A7: 1 | B7: 85 | C7: （株）ミヤタ | D7: MAアルミニウム㈱ | E7: 44977 | F7: 45845 | G7: B | H7: 主要材料 | I7: ISO9001取得有り | J7: 46235 | K7: JSA | L7: 〇 | M7: 〇 | N7: △ | O7: × | P7: =SUMIFS('2024'!J:J,'2024'!C:C,Sheet1!D7) -> 198836389 | Q7: - | R7: 〇 | S7: 加工課 | T7: 材料 | U7: メール | V7: 佐藤・石橋 | W7: <t-sato@mi-ya-ta.co.jp>、<y-ishibashi@mi-ya-ta.co.jp> | X7: 大田区中央３丁目２１－１１ | Z7: 143-0024 | AA7: 033-773-7711 | AB7: 033-773-7710 | AD7: 0 | AE7: ミヤタ | AF7: FALSE | AH7: 横浜 | AJ7: 蒲田 | AK7: 3 | AL7: 0300040 | AM7: 2 | AN7: 0 | AO7: FALSE | AP7: 3 | AQ7: FALSE
A8: 2 | B8: 85 | C8: （株）ミヤタ | D8: ㈱プロテリアル金属 | E8: 45015 | F8: 45392 | G8: B | H8: 主要材料 | I8: ISO9001取得有り | J8: 45713 | K8: LRQAリミテッド | L8: 〇 | M8: 〇 | N8: △ | O8: × | P8: =SUMIFS('2024'!J:J,'2024'!C:C,Sheet1!D8) -> 49831705 | R8: 〇 | S8: 加工課 | T8: 材料 | U8: メール | V8: 佐藤・石橋 | W8: <t-sato@mi-ya-ta.co.jp>、<y-ishibashi@mi-ya-ta.co.jp> | X8: 大阪府吹田氏2-19-1
A9: 3 | B9: 85 | C9: （株）ミヤタ | D9: 古川電工㈱ | E9: 44967 | F9: 45397 | G9: B | H9: 主要材料 | I9: ISO9001取得有り | J9: 2026/1218 | K9: JQA | L9: 〇 | M9: 〇 | N9: △ | O9: × | P9: =SUMIFS('2024'!J:J,'2024'!C:C,Sheet1!D9) -> 29643051 | R9: 〇 | S9: 加工課 | T9: 材料 | U9: メール | V9: 佐藤・石橋 | W9: <t-sato@mi-ya-ta.co.jp>、<y-ishibashi@mi-ya-ta.co.jp>
A10: 4 | B10: 85 | C10: （株）ミヤタ | D10: 片木アルミ | E10: 44944 | F10: 45856 | G10: B | H10: 主要材料 | I10: ISO9001取得無し | L10: 〇 | M10: 〇 | N10: 〇 | O10: 〇 | P10: =SUMIFS('2024'!J:J,'2024'!C:C,Sheet1!D10) -> 236368 | R10: 〇 | S10: 加工課 | T10: 材料 | U10: メール | V10: 佐藤・石橋 | W10: <t-sato@mi-ya-ta.co.jp>、<y-ishibashi@mi-ya-ta.co.jp>
A11: 5 | B11: 85 | C11: （株）ミヤタ | D11: 大同特殊鋼㈱ | E11: 44951 | G11: B | H11: 主要材料 | I11: ISO9001取得有り | J11: 46784 | K11: JICQA | L11: 〇 | M11: 〇 | N11: △ | O11: × | P11: =SUMIFS('2024'!J:J,'2024'!C:C,Sheet1!D11) -> 623186 | R11: 〇 | S11: 加工課 | T11: 材料 | U11: メール | V11: 佐藤・石橋 | W11: <t-sato@mi-ya-ta.co.jp>、<y-ishibashi@mi-ya-ta.co.jp>
A12: 6 | B12: 1055 | C12: 阪和興業（株） | D12: ＣＳＡＣ(台湾メーカー) | E12: 44958 | F12: 45863 | G12: B | H12: 主要材料 | I12: ISO9001取得有り | J12: 46299 | K12: SGS | L12: 〇 | M12: 〇 | N12: △ | O12: × | P12: =SUMIFS('2024'!J:J,'2024'!C:C,Sheet1!D12) -> 49332338 | Q12: - | R12: 〇 | S12: 加工課 | T12: 材料 | U12: メール | V12: 平瀬 | W12: hirase-keito@hanwa.co.jp | X12: - | Y12: - | Z12: - | AA12: 03-3544-2329 | AB12: 03-3544-2148 | AD12: 0 | AE12: ﾊﾝﾜｺｳｷﾞｮｳ | AF12: FALSE | AH12: 三井住友 | AJ12: 東京中央 | AK12: 3 | AL12: 267225 | AM12: 2 | AN12: 0 | AO12: FALSE | AP12: 3 | AQ12: FALSE
A13: 7 | B13: 589 | C13: ㈱東電化 | D13: 製品めっき(材料先メッキ） | E13: 44974 | G13: B | H13: 主要材料 | I13: ISO9001取得有り | J13: 46431 | K13: ASR | L13: 〇 | M13: 〇 | N13: △ | O13: × | P13: - | Q13: 加工課 | R13: 〇 | S13: 加工課 | U13: ミヤタへ手配 | V13: ミヤタへ手配 | W13: - | X13: - | Y13: -
A14: 8 | B14: 969 | C14: 東栄電化工業㈱ | D14: アルマイト外注 | E14: 44937 | F14: 45870 | G14: B | H14: 主要材料 | I14: ISO9001取得有り | J14: 45824 | K14: JIC | L14: 〇 | M14: 〇 | N14: △ | O14: × | P14: =SUMIFS('2024'!J:J,'2024'!C:C,Sheet1!C14) -> 1699686 | Q14: 加工課 | R14: 〇 | S14: 加工課 | T14: アルマイト | U14: メールorFAX | V14: 小林・田淵 | W14: <sada@toeidenka.co.jp>、<tabuchi@toeidenka.co.jp> | X14: 相模原市中央区小町通2-5-9 | Y14: 042-771-1528 | Z14: 042-773-4032 | AA14: 042-771-1528 | AB14: 042-773-4032
A15: 9 | B15: 418 | C15: 東京材料㈱ | D15: 石塚化学 | E15: 44967 | G15: B | H15: 主要材料 | I15: ISO9001取得有り | J15: 45947 | K15: ASR | L15: 〇 | M15: 〇 | N15: △ | O15: × | P15: =SUMIFS('2024'!J:J,'2024'!C:C,Sheet1!D15) -> 18456325 | R15: 〇 | S15: 加工課 | U15: メール | V15: 吉田 | W15: yusuke.yoshida@tokyozairyo.co.jp
A16: 10 | B16: 1095 | C16: 日本ケミカル電子㈱ | D16: 試作品のめっき | E16: 44993 | F16: 45611 | G16: B | H16: 主要材料 | I16: ISO9001取得有り | J16: 46133 | K16: JQA | L16: 〇 | M16: 〇 | N16: △ | O16: × | P16: =SUMIFS('2024'!J:J,'2024'!C:C,Sheet1!C16) -> 1699686 | Q16: ISO9001 | R16: △ | S16: 加工課 | T16: メッキ | U16: メール | V16: 早川 | W16: <hayakawa@jp-ncd.com> | X16: - | Y16: - | Z16: - | AA16: 0561-54-1234 | AB16: 0561-54-9101 | AD16: 0 | AE16: ﾆﾎﾝｹﾐｶﾙ | AF16: FALSE | AK16: 1 | AM16: 1 | AN16: 0 | AO16: FALSE | AP16: 3 | AQ16: FALSE
A17: 11 | B17: 37 | C17: （株）三松（表面処理薬品商社） | D17: ユケン工業㈱ | E17: 44967 | F17: 45772 | G17: B | H17: 一般購買品 | I17: ISO9001取得有り | J17: 45411 | K17: JCQA | L17: 〇 | M17: 〇 | N17: △ | O17: × | P17: =SUMIFS('2024'!J:J,'2024'!C:C,Sheet1!D17) -> 1842500 | Q17: ISO9001 | R17: △ | S17: 加工課 | T17: 薬品 | U17: FAX | V17: 岡田 | W17: n-okada@sanmatu.co.jp | X17: 東京都大田区西蒲田7-57-11 | Z17: 144-0051 | AA17: 033-733-7131 | AB17: 033-739-0321 | AD17: 0 | AE17: ｻﾝﾏﾂ | AF17: FALSE | AH17: 三菱東京UFJ銀行 | AJ17: カマタエキマエ | AK17: 3 | AL17: 0001125 | AM17: 2 | AN17: 0 | AO17: FALSE | AP17: 3 | AQ17: FALSE
A18: 12 | B18: 1033 | C18: クリンビー | D18: 東ソー株式会社 | E18: 44951 | G18: B | H18: 主要材料 | I18: ISO9001取得有り | J18: 46377 | K18: UKAS | L18: 〇 | M18: 〇 | N18: △ | O18: × | P18: =SUMIFS('2024'!J:J,'2024'!C:C,Sheet1!D18) -> 848000 | Q18: ISO9001 | R18: △ | S18: 加工課 | T18: 薬品 | U18: FAX | V18: 小林 | W18: yo_kobayashi@cleanvy-jp.com | X18: 長野県諏訪市四賀3011-3 | AA18: 0266-57-0521 | AB18: 0266-52-5191
A19: 13 | B19: 928 | C19: 新日本化成㈱ | D19: 日産化学（硝酸） | E19: 44938 | F19: 45877 | G19: B | H19: 主要材料 | I19: ISO9001取得有り | L19: 〇 | M19: × | N19: × | O19: × | P19: =SUMIFS('2024'!J:J,'2024'!C:C,Sheet1!C19) -> 120000 | Q19: ISO9001 | R19: 〇 | S19: 加工課 | T19: 薬品 | U19: FAX | X19: 厚木市中依知348-1 | Z19: 243-0805 | AA19: 046-210-3999 | AB19: 046-245-4125 | AD19: 0 | AE19: ｼﾝﾆﾎﾝｶｾｲ | AF19: FALSE | AH19: 千葉銀行 | AJ19: 京成駅前 | AK19: 3 | AL19: 1243506 | AM19: 1 | AN19: 0 | AO19: FALSE | AP19: 3 | AQ19: FALSE
A20: 14 | B20: 79 | C20: （株）ミスミ | D20: 金型パーツ | E20: 44956 | F20: 45866 | G20: B | H20: 一般購買品 | I20: ISO9001取得無し | L20: 〇 | M20: × | N20: × | O20: × | P20: =SUMIFS('2024'!J:J,'2024'!C:C,Sheet1!C20) -> 17969191 | Q20: ISO14001 | R20: 〇 | S20: 工場全般 | T20: 消耗品・自動機部品・金型部品 | U20: WEB | X20: 横浜市神奈川区鶴屋町3-31-5 | Y20: 久保田ビル4F | Z20: 221-0831 | AA20: 045-324-1141 | AB20: 045-324-0252 | AD20: 0 | AE20: ミスミ | AF20: FALSE | AH20: みずほ銀行 | AJ20: ダイニシユウチュウ | AK20: 3 | AL20: 1073861 | AM20: 2 | AN20: 0 | AO20: FALSE | AP20: 3 | AQ20: FALSE
A21: 15 | B21: 95 | C21: 新日本精機㈱ | D21: システム管理 | G21: B | H21: 一般購買品 | I21: ISO9001取得無し | L21: 〇 | M21: × | N21: × | O21: × | P21: =SUMIFS('2024'!J:J,'2024'!C:C,Sheet1!D21) -> 0 | Q21: - | R21: 〇 | S21: 加工課 | T21: 内職 | X21: 平塚市大島1294-1 | Z21: 254-0001 | AA21: 0463-51-1010 | AB21: 0463-54-5827 | AD21: 0 | AE21: シンニホン | AF21: FALSE | AH21: 静岡中央銀行 | AJ21: 平塚 | AK21: 3 | AL21: 1982131 | AM21: 1 | AN21: 0 | AO21: FALSE | AP21: 3 | AQ21: FALSE
A22: 16 | B22: 377 | C22: 東海鋼鉄㈱ | D22: 金型のプレートの購入 | E22: 44967 | F22: 45761 | G22: B | H22: 一般購買品 | I22: ISO9001取得無し | L22: 〇 | M22: × | N22: × | O22: × | P22: =SUMIFS('2024'!J:J,'2024'!C:C,Sheet1!C22) -> 4928081 | Q22: なし | R22: 〇 | S22: 技術部 | T22: プレート | U22: メールorFAX | V22: 榎本 | W22: <sa-8@toukaikoutetsu.com> | X22: 綾瀬市吉岡278 | AA22: 0467-78-0721 | AB22: 0467-76-2747 | AD22: 0 | AE22: ﾄｳｶｲｺｳﾃﾂ | AF22: FALSE | AH22: 三菱東京UFJ | AJ22: ヤマト | AK22: 3 | AL22: 0170269 | AM22: 2 | AN22: 0 | AO22: FALSE | AP22: 3 | AQ22: FALSE
A23: 17 | B23: 363 | C23: 藤沢紙工㈱ | D23: 製品保護のためのジャバラ紙 | E23: 44944 | G23: B | H23: 一般購買品 | I23: ISO9001取得無し | L23: × | M23: × | N23: × | O23: × | P23: =SUMIFS('2024'!J:J,'2024'!C:C,Sheet1!C23) -> 78168 | Q23: ISO9001/ISO14001 | R23: 〇 | S23: 加工課 | T23: パーチメント紙 ・コーナーアングル | U23: FAX | V23: 前澤 | W23: <y.maezawa.fujikoo@gmail.com> | X23: 茅ヶ崎市中島1158-6 | Z23: 253-0073 | AA23: 0467-58-2600 | AB23: 0467-58-2607 | AD23: 0 | AE23: ﾌｼﾞｻﾜｼｺｳ | AF23: FALSE | AH23: 三菱東京ＵＦＪ | AJ23: 藤沢 | AK23: 3 | AL23: 9005803 | AM23: 2 | AN23: 0 | AO23: FALSE | AP23: 3 | AQ23: FALSE
A24: 18 | B24: 260 | C24: パンチ工業 ㈱ | D24: 金型のパンチ等購入 | E24: 45002 | F24: 45821 | G24: B | H24: 一般購買品 | I24: ISO9001取得有り | L24: 〇 | M24: × | N24: × | O24: × | P24: =SUMIFS('2024'!J:J,'2024'!C:C,Sheet1!C24) -> 3836641 | Q24: ISO9001,ISO14001 | R24: 〇 | S24: 技術部 | T24: 金型パーツ | U24: WEB | V24: - | W24: - | X24: 本）品川区南大井6-22-7大森ベルポートＥ-5Ｆ | AA24: （045）904-8007 | AB24: 045-904-8011 | AD24: 0 | AE24: ﾊﾟﾝﾁｺｳｷﾞｮｳ | AF24: FALSE | AH24: りそな | AJ24: 品川 | AK24: 3 | AL24: 6002835 | AM24: 2 | AN24: 0 | AO24: FALSE | AP24: 3 | AQ24: FALSE
A25: 19 | B25: 473 | C25: ㈱橋本工商 | D25: 工作機械・工具など | E25: 44993 | F25: 45506 | G25: B | H25: 一般購買品 | I25: ISO9001取得無し | L25: 〇 | M25: × | N25: × | O25: × | P25: =SUMIFS('2024'!J:J,'2024'!C:C,Sheet1!C25) -> 6803335 | Q25: ISO14001 | R25: 〇 | S25: 技術部 | T25: 消耗品工具 | U25: メールorFAX | V25: 中基 | W25: chk-nakamoto@jcom.home.ne.jp | X25: 相模原市中央区高根1-14-7 | Z25: 252-0221 | AA25: 042-759-4001 | AB25: 042-759-4003 | AD25: 0 | AE25: ﾊｼﾓﾄｺｳｼｮｳ | AF25: FALSE | AH25: ミズホ | AJ25: 相模原 | AK25: 3 | AL25: 1334087 | AM25: 1 | AN25: 0 | AO25: FALSE | AP25: 3 | AQ25: FALSE
A26: 20 | B26: 1056 | C26: 東京プロト㈱ | D26: 梱包製品トレイ | E26: 44984 | F26: 45891 | G26: B | H26: 一般購買品 | I26: ISO9001取得有り | L26: 〇 | M26: × | N26: × | O26: × | P26: =SUMIFS('2024'!J:J,'2024'!C:C,Sheet1!C26) -> 23282660 | Q26: ISO9001,ISO14001 | R26: 〇 | S26: 加工課 | T26: トレイ | U26: メールorFAX | V26: 田内 | W26: tauchi@tokyoproto.co.jp | X26: 横浜市港北区樽町3-1-1 | Z26: 222-0001 | AA26: 045-543-0141 | AB26: 045-562-9882 | AD26: 0 | AE26: ﾄｳｷｮｳﾌﾟﾛﾄ | AF26: FALSE | AH26: 横浜 | AJ26: 大倉山 | AK26: 3 | AL26: 5159 | AM26: 2 | AN26: 0 | AO26: FALSE | AP26: 3 | AQ26: FALSE
A27: 21 | B27: 62 | C27: 日興運送（株） | D27: 運送 | E27: 44985 | F27: 45896 | G27: B | H27: 一般購買品 | I27: ISO9001取得無し | L27: 〇 | M27: × | N27: △ | O27: × | P27: 11184417 | Q27: ISO14001 | R27: 〇 | S27: 加工課 | T27: 輸送 | X27: 茨城県土浦市荒川沖東2-10-34 | Z27: 300-1171 | AA27: 0298-41-2138 | AB27: 0298-41-1966 | AD27: 0 | AE27: ニッコウ | AF27: FALSE | AH27: 三井住友 | AJ27: つくば | AK27: 3 | AL27: 0212504 | AM27: 1 | AN27: 0 | AO27: FALSE | AP27: 3 | AQ27: FALSE
A28: 22 | B28: 683 | C28: 日本アレックス㈱ | D28: 超音波振動子ユニット | E28: 44994 | F28: 45896 | G28: B | H28: 一般購買品 | I28: ISO9001取得無し | L28: 〇 | M28: × | N28: × | O28: × | P28: =SUMIFS('2024'!J:J,'2024'!C:C,Sheet1!C28) -> 85000 | R28: 〇 | S28: 加工課 | T28: 超音波 | U28: メールorFAX | V28: 遠山 | W28: toyama@nalex.co.jp | AD28: 0 | AE28: ﾆﾎﾝ | AF28: FALSE | AK28: 1 | AM28: 普通 | AN28: 0 | AO28: FALSE | AP28: 3 | AQ28: FALSE
A29: 23 | B29: 983 | C29: タイヨー㈱ | D29: 製品梱包段ボール | E29: 44953 | F29: 45905 | G29: B | H29: 一般購買品 | I29: ISO9001取得有り | L29: 〇 | M29: × | N29: △ | O29: × | P29: =SUMIFS('2024'!J:J,'2024'!C:C,Sheet1!C29) -> 2798957 | Q29: ISO9001,ISO14001 | R29: 〇 | S29: 加工課 | T29: 段ボール | U29: FAX | X29: 神奈川県厚木市温水1961 | Z29: 243-0033 | AA29: 046-248-8511 | AB29: 046-247-3357 | AD29: 0 | AE29: ﾀｲﾖｰ | AF29: FALSE | AH29: 三井住友 | AJ29: 厚木 | AK29: 3 | AL29: 1022846 | AM29: 2 | AN29: 0 | AO29: FALSE | AP29: 3 | AQ29: FALSE
A30: 24 | B30: 447 | C30: ㈱キーエンス | D30: 測定器 | E30: 44977 | G30: B | H30: 一般購買品 | I30: ISO9001取得無し | L30: 〇 | M30: × | N30: × | O30: × | P30: =SUMIFS('2024'!J:J,'2024'!C:C,Sheet1!C30) -> 5008320 | R30: 〇 | S30: 生産技術 | T30: 自動機部品 | U30: FAX | V30: - | W30: - | X30: 海老名市中央2-9-50 | Y30: 海老名プライムタワー13Ｆ | Z30: 243-0432 | AA30: 046-236-0755 | AB30: 046-236-0766 | AD30: 0 | AE30: ｷｰｴﾝｽ | AF30: TRUE | AH30: 三井住友 | AJ30: ウメダ | AK30: 3 | AL30: 0222375 | AM30: 2 | AN30: 0 | AO30: FALSE | AP30: 3 | AQ30: FALSE
A31: 25 | B31: 130 | C31: ミドリ安全厚木㈱ | D31: 作業着、帽子、安全靴の商社 | E31: 44858 | G31: B | H31: 一般購買品 | I31: ISO9001取得無し | L31: × | M31: × | N31: × | O31: × | P31: =SUMIFS('2024'!J:J,'2024'!C:C,Sheet1!C31) -> 1936830 | Q31: ISO9001/ISO14001 | R31: 〇 | S31: 工場全般 | T31: 作業 | U31: FAX | X31: 厚木市水引2-11-2 | Z31: 243-0004 | AA31: 046-223-1771 | AB31: 046-223-6377 | AD31: 0 | AE31: ﾐﾄﾞﾘｱﾝｾﾞﾝ | AF31: FALSE | AH31: ヨコハマ | AJ31: カモメ | AK31: 3 | AL31: 0501194 | AM31: 1 | AN31: 0 | AO31: FALSE | AP31: 3 | AQ31: FALSE
A32: 26 | B32: 83 | C32: リヒト精光（株） | D32: 金型パーツの焼き入れ業者 | E32: 45015 | G32: B | H32: 一般購買品 | I32: ISO9001取得有り | L32: 〇 | M32: × | N32: × | O32: × | P32: =SUMIFS('2024'!J:J,'2024'!C:C,Sheet1!C32) -> 2976600 | Q32: ISO9001 | R32: 〇 | S32: 技術部 | T32: 熱処理 | U32: - | X32: 厚木市下依知1-12-23 | Z32: 243-0806 | AA32: 046-245-1611 | AB32: 046-245-1610 | AD32: 0 | AE32: リヒト | AF32: TRUE | AH32: みずほ銀行 | AJ32: 厚木 | AK32: 3 | AL32: 0812193 | AM32: 1 | AN32: 0 | AO32: FALSE | AP32: 3 | AQ32: FALSE
A33: 27 | B33: 141 | C33: 新共立化工㈱ | D33: 表面処理ライン保守などのパーツ | E33: 45005 | F33: 45910 | G33: B | H33: 一般購買品 | I33: ISO9001取得無し | L33: 〇 | M33: × | N33: × | O33: × | P33: =SUMIFS('2024'!J:J,'2024'!C:C,Sheet1!C33) -> 36545 | Q33: - | R33: 〇 | S33: 加工課 | T33: 塩ビ板 | U33: FAX | X33: 埼玉県川口市上青木 | Y33: 2丁目22番6号 | Z33: 333 | AA33: 048-269-2726 | AB33: 048-267-7382 | AD33: 0 | AE33: ｼﾝｷｮｳﾘﾂｶｺｳ | AF33: FALSE | AH33: 三菱東京UFJ | AJ33: 西川口 | AK33: 3 | AL33: 9012495 | AM33: 2 | AN33: 0 | AO33: FALSE | AP33: 3 | AQ33: FALSE
A34: 28 | B34: 1062 | C34: ㈱モノタロウ | D34: 部品など | E34: 45009 | F34: 45779 | G34: B | H34: 一般購買品 | I34: ISO9001取得無し | L34: 〇 | M34: 〇 | N34: × | O34: × | P34: =SUMIFS('2024'!J:J,'2024'!C:C,Sheet1!C34) -> 5122693 | R34: 〇 | S34: 工場全般 | T34: 消耗品 | U34: WEB | X34: 兵庫県尼崎市竹谷町2-183 | Y34: リベル3階 | Z34: 660-0876 | AA34: 0120-443-509 | AB34: 0120-289-888 | AD34: 0 | AE34: ﾓﾉ | AF34: FALSE | AH34: 三井住友 | AJ34: ドットコム | AK34: 3 | AL34: 9070269 | AM34: 1 | AN34: 0 | AO34: FALSE | AP34: 3 | AQ34: FALSE
A35: 29 | B35: 73 | C35: 双葉電子工業（株） | D35: 金型のプレートの購入 | E35: 44991 | F35: 45917 | G35: B | H35: 一般購買品 | I35: ISO9001取得有り | L35: 〇 | M35: × | N35: × | O35: × | P35: =SUMIFS('2024'!J:J,'2024'!C:C,Sheet1!C35) -> 4763331 | Q35: ISO9001/ISO14001 | R35: 〇 | S35: 技術部 | T35: プレート | U35: FAX | X35: 東京都墨田区堤通一丁目19番9号 | Y35: リバーサイド隅田セントラルタワー16階 | Z35: 131-0034 | AA35: 03-3616-1730 | AB35: 03-3616-1731 | AD35: 0 | AE35: フタバ | AF35: FALSE | AH35: チバ | AJ35: モバラ | AK35: 3 | AL35: 2189623 | AM35: 1 | AN35: 0 | AO35: FALSE | AP35: 3 | AQ35: FALSE
A36: 30 | B36: 140 | C36: トヨタエルアンドエフ | D36: フォークリスト、海外出荷用パレット | E36: 44956 | F36: 45924 | G36: B | H36: 一般購買品 | I36: ISO9001取得有り | L36: 〇 | M36: × | N36: × | O36: × | P36: =SUMIFS('2024'!J:J,'2024'!C:C,Sheet1!C36) -> 457600 | Q36: ISO9001,ISO14001 | R36: 〇 | S36: 加工課 | T36: フォークリフト・パレット | U36: FAX | X36: 厚木市金田６８８－１ | Z36: 243-0807 | AA36: 046-224-1231 | AB36: 046-224-1237 | AD36: 0 | AE36: ﾄﾖﾀ | AF36: FALSE | AH36: 三菱東京ＵＦＪ | AJ36: トウキョウカワセシュウチュウ | AK36: 3 | AL36: 4479700 | AM36: 1 | AN36: 0 | AO36: FALSE | AP36: 3 | AQ36: FALSE
A37: 31 | B37: 549 | C37: イースタン技研㈱ | D37: ワイヤー電極線 | E37: 44953 | F37: 45926 | G37: B | H37: 一般購買品 | I37: ISO9001取得有り | L37: 〇 | M37: × | N37: × | O37: × | P37: =SUMIFS('2024'!J:J,'2024'!C:C,Sheet1!C37) -> 3328460 | Q37: ISO9001,ISO14001 | R37: 〇 | S37: 技術部 | T37: 消耗品 | U37: FAX | X37: 大和市福田6-9-21 | Z37: 242-0024 | AA37: 046-268-3131 | AB37: 046-268-2284 | AD37: 0 | AE37: ｲｰｽﾀﾝ | AF37: FALSE | AH37: 横浜 | AJ37: サガミオオノ | AK37: 3 | AL37: 0015765 | AM37: 2 | AN37: 0 | AO37: FALSE | AP37: 3 | AQ37: FALSE
A38: 32 | B38: 334 | C38: 東京ワイジェーエス販売 | D38: 商社 色々なものを購入している | E38: 45014 | F38: 45930 | G38: B | H38: 一般購買品 | I38: ISO9001取得無し | L38: 〇 | M38: 〇 | N38: △ | O38: × | P38: =SUMIFS('2024'!J:J,'2024'!C:C,Sheet1!C38) -> 963800 | R38: 〇 | S38: 技術部 | T38: 加工機部品 | U38: FAX | X38: 藤沢氏本藤沢3-5-17 | Z38: 251-0875 | AA38: 0466-80-6160 | AB38: 0466-80-6260 | AD38: 0 | AE38: ﾄｳｷｮｳﾜｲ | AF38: FALSE | AH38: かながわ信用金庫 | AJ38: ホンチョウ | AK38: 3 | AL38: 1975647 | AM38: 1 | AN38: 0 | AO38: FALSE | AP38: 3 | AQ38: FALSE
A39: 33 | B39: 1053 | C39: ＭＩＣＳ化学 | D39: 製品梱包包装用ビニール | E39: 44986 | F39: 45565 | G39: B | H39: 一般購買品 | I39: ISO9001取得有り | L39: 〇 | M39: × | N39: × | O39: × | P39: =SUMIFS('2024'!J:J,'2024'!C:C,Sheet1!C39) -> 0 | Q39: ISO9001 | R39: 〇 | S39: 加工課 | T39: ﾋﾞﾆｰﾙ袋 | U39: FAX | X39: 愛知県愛知郡東郷町諸輪北山158-89 | Y39: - | Z39: 470-0151 | AA39: 03-3667-6788 | AB39: 03-3667-6789 | AD39: 0 | AE39: ﾐｯｸｽｶｶﾞｸ | AF39: FALSE | AH39: 三井住友 | AJ39: 名古屋 | AK39: 3 | AL39: 7229378 | AM39: 1 | AN39: 0 | AO39: FALSE | AP39: 3 | AQ39: FALSE
A40: 34 | B40: 464 | C40: ㈱共立合金製作所 | D40: 金型用プレート | E40: 44960 | F40: 45576 | G40: B | H40: 一般購買品 | I40: ISO9001取得有り | L40: 〇 | M40: × | N40: × | O40: × | P40: =SUMIFS('2024'!J:J,'2024'!C:C,Sheet1!C40) -> 2327800 | Q40: ISO9001,ISO14001 | R40: 〇 | S40: 技術部 | T40: 超硬材 | U40: FAX | V40: 牧野 俊輔 | W40: <s-makino@everloy.co.jp> | AA40: 0798-26-3606 | AB40: 0798-37-2067 | AD40: 0 | AE40: ｷｮｳﾘﾂｺﾞｳｷﾝ | AF40: FALSE | AH40: 三菱東京UFJ | AJ40: ニシノミヤ | AK40: 3 | AL40: 1006180 | AM40: 1 | AN40: 0 | AO40: FALSE | AP40: 3 | AQ40: FALSE
A41: 35 | B41: 1047 | C41: ㈱マルアイ | D41: 製品梱包包装用ビニール | E41: 45005 | F41: 45576 | G41: B | H41: 一般購買品 | I41: ISO9001取得有り | L41: 〇 | M41: × | N41: × | O41: × | P41: =SUMIFS('2024'!J:J,'2024'!C:C,Sheet1!C41) -> 161340 | Q41: ISO9001,ISO14001 | R41: 〇 | S41: 加工課 | T41: ﾋﾞﾆｰﾙ袋 | U41: FAX | V41: 古屋 | W41: t.furuya@maruai.co.jp | X41: - | Y41: - | Z41: - | AA41: - | AB41: 055-272-4481 | AD41: 0 | AE41: ﾏﾙｱｲ | AF41: FALSE | AK41: 1 | AM41: 1 | AN41: 0 | AO41: FALSE | AP41: 3 | AQ41: FALSE
A42: 36 | B42: 64 | C42: 日本工作油（株） | D42: プレスオイルなど | E42: 44995 | F42: 45814 | G42: B | H42: 一般購買品 | I42: ISO9001取得無し | L42: 〇 | M42: × | N42: × | O42: × | P42: =SUMIFS('2024'!J:J,'2024'!C:C,Sheet1!C42) -> 858220 | Q42: ISO 14001 | R42: 〇 | S42: 加工課 | T42: 抜き油、工作油 | U42: メール | V42: - | W42: order@nihon-kohsakuyu.co.jp | X42: 東京都港区芝5-29-14 | Y42: 田町日工ビル | Z42: 108 | AA42: 033-455-5511 | AB42: 033-453-2667 | AD42: 0 | AE42: ニホン | AF42: FALSE | AH42: ミツイスミトモ | AJ42: ミタドオリ | AK42: 3 | AL42: 0945497 | AM42: 1 | AN42: 0 | AO42: FALSE | AP42: 3 | AQ42: FALSE
A43: 37 | B43: 347 | C43: 共栄研磨材㈱ | D43: 砥石 | E43: 44995 | F43: 45583 | G43: B | H43: 一般購買品 | I43: ISO9001取得無し | L43: 〇 | M43: × | N43: × | O43: × | P43: 1268652 | R43: 〇 | S43: 技術部 | T43: 砥石 | U43: メールorFAX | V43: 宮澤 | W43: <H_Miyazawa@kyoeikenmazai.co.jp> | X43: 大和市大和東３－４－２０ | Z43: 242-0017 | AA43: 046-261-1610 | AB43: 046-264-2077 | AD43: 0 | AE43: ｷｮｳｴｲｹﾝ | AF43: FALSE | AH43: 横浜 | AJ43: ヤマト | AK43: 3 | AL43: 004672 | AM43: 2 | AN43: 0 | AO43: FALSE | AP43: 3 | AQ43: FALSE
A44: 38 | B44: 190 | C44: ファナック㈱ | D44: ワイヤー設備メーカー | E44: 44959 | F44: 45590 | G44: B | H44: 一般購買品 | I44: ISO9001取得有り | L44: 〇 | M44: × | N44: × | O44: × | P44: =SUMIFS('2024'!J:J,'2024'!C:C,Sheet1!C44) -> 1153320 | R44: 〇 | S44: 技術部 | T44: 消耗品 | U44: FAX | V44: - | X44: 日野市旭が丘３丁目５ | Z44: 191 | AA44: 0425-84-1111 | AB44: 0425-82-3593 | AD44: 0 | AE44: ﾌｧﾅｯｸ | AF44: FALSE | AH44: みずほ | AJ44: ヒノ | AK44: 3 | AL44: 1490188 | AM44: 1 | AN44: 0 | AO44: FALSE | AP44: 3 | AQ44: FALSE
A45: 39 | B45: 349 | C45: ㈱アイコー | D45: 表面処理工程用 治具パーツ | E45: 44963 | F45: 45828 | G45: B | H45: 一般購買品 | I45: ISO9001取得無し | L45: 〇 | M45: × | N45: × | O45: × | P45: =SUMIFS('2024'!J:J,'2024'!C:C,Sheet1!C45) -> 1081000 | Q45: なし | R45: 〇 | S45: 加工課 | T45: 治具部品 | U45: メールorFAX | V45: 平本 | W45: <info@aikoh.jp> | X45: 相模原市田名3304－1 | Z45: 229-1124 | AA45: 042-760-2017 | AB45: 042-760-2014 | AD45: 0 | AE45: ｱｲｺｰ | AF45: FALSE | AH45: 静岡中央 | AJ45: バンダ | AK45: 3 | AL45: 2437621 | AM45: 1 | AN45: 0 | AO45: FALSE | AP45: 3 | AQ45: FALSE
A46: 34 | B46: 525 | C46: エィテーケィタカシノ㈱ | D46: エジェクターピン | E46: 44967 | F46: 45596 | G46: B | H46: 一般購買品 | I46: ISO9001取得有り | L46: 〇 | M46: × | N46: × | O46: × | P46: =SUMIFS('2024'!J:J,'2024'!C:C,Sheet1!C46) -> 0 | Q46: ISO9001 | R46: 〇 | S46: 技術部 | T46: 金型パーツ | U46: FAX | V46: - | X46: 東京都品川区西五反田4-23-13 | Z46: 141-0031 | AA46: 050-3153-0989 | AB46: 03-6367-0008 | AD46: 0 | AE46: ｴｲﾃｰ | AF46: FALSE | AH46: 55 | AJ46: 小山 | AK46: 3 | AL46: 9012855 | AM46: 2 | AN46: 0 | AO46: FALSE | AP46: 3 | AQ46: FALSE
A47: 35 | B47: 440 | C47: フジケース㈱ | D47: 製品梱包包装用ビニール | G47: B | H47: 一般購買品 | I47: ISO9001取得有り | L47: 〇 | M47: × | N47: △ | O47: × | P47: =SUMIFS('2024'!J:J,'2024'!C:C,Sheet1!C47) -> 0 | Q47: ISO9001 | R47: 〇 | S47: 加工課 | T47: ウエス | AB47: 0463953931 | AD47: 0 | AE47: ﾌｼﾞｹｰｽ | AF47: FALSE | AH47: リソナ | AJ47: イセハラ | AK47: 3 | AL47: 0003875 | AM47: 2 | AN47: 0 | AO47: FALSE | AP47: 3 | AQ47: FALSE
A48: 35 | B48: 841 | C48: 東京フィルター販売㈱ | D48: 表面処理設備用フィルター | E48: 44957 | F48: 45597 | G48: B | H48: 一般購買品 | I48: ISO9001取得無し | L48: 〇 | M48: × | N48: × | O48: × | P48: =SUMIFS('2024'!J:J,'2024'!C:C,Sheet1!C48) -> 106500 | R48: 〇 | S48: 加工課 | T48: フィルタ | U48: FAX | V48: 庄子 | W48: syohji@tfh.co.jp | X48: 東京都世田谷区桜新町2-20-14 | Z48: 154-0015 | AA48: 03-3425-3351 | AB48: 03-3425-5633 | AD48: 0 | AE48: ﾄｳｷｮｳﾌｨﾙﾀｰ | AF48: FALSE | AH48: 三菱UFJ | AJ48: 成城 | AK48: 3 | AL48: 9001826 | AM48: 2 | AN48: 0 | AO48: FALSE | AP48: 3 | AQ48: FALSE
A49: 37 | B49: 336 | C49: 大和石油㈱ | D49: 切削油 など | E49: 44951 | F49: 45604 | G49: B | H49: 一般購買品 | I49: ISO9001取得有り | L49: 〇 | M49: × | N49: △ | O49: × | P49: =SUMIFS('2024'!J:J,'2024'!C:C,Sheet1!C49) -> 613300 | Q49: ISO9001 | R49: 〇 | S49: 加工課 | T49: 抜き油、工作油 | U49: FAX | X49: 高座郡寒川町小動８９１－１０ | AA49: 0467-74-8861 | AB49: 0467-74-3705 | AD49: 0 | AE49: ﾔﾏﾄｾｷﾕ | AF49: FALSE | AH49: ミズホ | AJ49: 厚木 | AK49: 3 | AL49: 1439365 | AM49: 1 | AN49: 0 | AO49: FALSE | AP49: 3 | AQ49: FALSE
A50: 38 | B50: 1076 | C50: ㈱包研 | D50: ストレッチフィルム、PPバンド | E50: 44973 | F50: 45616 | G50: B | H50: 一般購買品 | I50: ISO9001取得無し | L50: 〇 | M50: × | N50: × | O50: × | P50: =SUMIFS('2024'!J:J,'2024'!C:C,Sheet1!C50) -> 447720 | R50: 〇 | S50: 加工課 | T50: ストレッチフィルム | U50: FAX | X50: 福岡市東区松田 | Y50: 1丁目10番16号 | Z50: 812-0064 | AA50: 092-611-5600 | AB50: 092-611-5933 | AD50: 0 | AE50: ﾎｳｹﾝ | AF50: FALSE | AK50: 1 | AM50: 1 | AN50: 0 | AO50: FALSE | AP50: 3 | AQ50: FALSE
A51: 41 | B51: 136 | C51: (㈱ツ－ルメ－ルクラブ | D51: 金型パーツ | E51: 45008 | F51: 45618 | G51: B | H51: 一般購買品 | I51: ISO9001取得無し | L51: 〇 | M51: × | N51: × | O51: × | P51: =SUMIFS('2024'!J:J,'2024'!C:C,Sheet1!C51) -> 0 | R51: 〇 | S51: 技術部 | T51: 工具 | U51: FAX | X51: 東京都大田区大森中１－１８－１６ | Z51: 143-8533 | AA51: 03-3765-1228 | AB51: 0120-65-1215 | AD51: 0 | AE51: ﾂ-ﾙ | AF51: FALSE | AH51: ミズホ | AJ51: オオモリ | AK51: 3 | AL51: 2112268 | AM51: 1 | AN51: 0 | AO51: FALSE | AP51: 3 | AQ51: FALSE
A52: 42 | B52: 725 | C52: 東横化学 ㈱ | D52: 評価用ガス | E52: 44951 | F52: 45623 | G52: B | H52: 一般購買品 | I52: ISO9001取得有り | L52: 〇 | M52: × | N52: × | O52: × | P52: =SUMIFS('2024'!J:J,'2024'!C:C,Sheet1!C52) -> 69000 | Q52: ISO9001 | R52: 〇 | S52: 加工課 | T52: ＰＲガス | U52: FAX | X52: 神奈川県相模原市中央区宮下2-2-17 | Z52: 252-0212 | AA52: 042-772-0345 | AB52: 042-773-7668 | AD52: 0 | AE52: トウヨコ | AF52: FALSE | AH52: 横浜 | AJ52: 武蔵小杉 | AK52: 3 | AL52: 3415 | AM52: 普通 | AN52: 0 | AO52: FALSE | AP52: 3 | AQ52: FALSE
A53: 43 | B53: 779 | C53: タツタ環境分析センター | D53: 水質分析 | E53: 45013 | F53: 45793 | G53: B | H53: 一般購買品 | I53: ISO9001取得有り | L53: 〇 | M53: × | N53: × | O53: × | P53: =SUMIFS('2024'!J:J,'2024'!C:C,Sheet1!C53) -> 58000 | Q53: ISO9001,ISO14001 | R53: 〇 | S53: 加工課 | T53: 水質分析 | U53: FAX | X53: 神奈川県茅ヶ崎市茅ヶ崎3丁目3番5号 | Y53: 東邦チタニウム(株)内 | Z53: 253-0041 | AA53: (0467)87-0967 | AB53: (0467)84-0235 | AD53: 0 | AE53: ﾀﾂﾀｶﾝｷｮｳ | AF53: FALSE | AK53: 1 | AM53: 1 | AN53: 0 | AO53: FALSE | AP53: 3 | AQ53: FALSE
A54: 44 | B54: 536 | C54: ㈱コードー | D54: 三井住友金属鉱山伸銅㈱ C1100R-H 0.80*12 最終購入年月日2018/12/18 | E54: 44942 | F54: 45625 | G54: B | H54: 一般購買品 | I54: ISO9001取得有り | L54: 〇 | M54: 〇 | N54: △ | O54: × | P54: =SUMIFS('2024'!J:J,'2024'!C:C,Sheet1!C54) -> 0 | Q54: ISO9001,ISO14001 | R54: 〇 | S54: 加工課 | T54: 材料 | U54: メール | V54: 久保 | W54: shunji.kubo@kodo.co.jp | AD54: 0 | AE54: ｺｰﾄﾞｰ | AF54: FALSE | AH54: ミズホ | AJ54: エバラ | AK54: 3 | AL54: 3875 | AM54: 2 | AN54: 0 | AO54: FALSE | AP54: 3 | AQ54: FALSE
A55: 45 | B55: 475 | C55: ソマックス㈱ | D55: 金型洗浄剤 | E55: 44938 | G55: B | H55: 一般購買品 | I55: ISO9001取得無し | L55: 〇 | M55: × | N55: × | O55: × | P55: =SUMIFS('2024'!J:J,'2024'!C:C,Sheet1!C55) -> 0 | Q55: ISO14001 | R55: 〇 | S55: 技術部 | T55: 消耗品 | U55: FAX | AA55: （06）6976-1108 | AB55: （06）6977-5702 | AD55: 0 | AE55: ｿﾏｯｸｽ | AF55: FALSE | AH55: りそな銀行 | AJ55: タマツクリ | AK55: 3 | AL55: 501518 | AM55: 2 | AN55: 0 | AO55: FALSE | AP55: 3 | AQ55: FALSE
A56: 46 | B56: 450 | C56: ㈱山田ドビー | D56: プレス機械メーカー 保守部品等 | E56: 44998 | F56: 45800 | G56: B | H56: 一般購買品 | I56: ISO9001取得有り | L56: 〇 | M56: × | N56: × | O56: × | P56: =SUMIFS('2024'!J:J,'2024'!C:C,Sheet1!C56) -> 628300 | Q56: ISO9001 | R56: 〇 | S56: 加工課 | T56: 設備 | U56: FAX | X56: 愛知県一宮市玉野下新田35 | Z56: 494-8511 | AA56: 050-1790-6800 | AB56: (0586)-69-5664 | AD56: 0 | AE56: ﾔﾏﾀﾞﾄﾞﾋﾞ | AF56: FALSE | AH56: ミズホ | AJ56: ナギヤエキマエ | AK56: 3 | AL56: 0137006 | AM56: 2 | AN56: 0 | AO56: FALSE | AP56: 3 | AQ56: FALSE
A57: 47 | B57: 526 | C57: ㈱湘南ワイパーサプライ | D57: ニトリル手袋、ハンドクリーナー等 | E57: 44894 | G57: B | H57: 一般購買品 | I57: ISO9001取得無し | L57: × | M57: × | N57: × | O57: × | P57: =SUMIFS('2024'!J:J,'2024'!C:C,Sheet1!C57) -> 52800 | Q57: ISO14001 | R57: 〇 | S57: 加工課 | T57: ニトリル手袋 | U57: FAX | X57: 神奈川県横浜市泉区上飯田町286番地1 | Z57: 245-0018 | AA57: 045-803-6155 | AB57: 045-804-6795 | AD57: 0 | AE57: ｼｮｳﾅﾝ | AF57: FALSE | AH57: リソナ | AJ57: チヨウゴ | AK57: 3 | AL57: 264034 | AM57: 1 | AN57: 0 | AO57: FALSE | AP57: 3 | AQ57: FALSE
A58: 48 | B58: 159 | C58: コマツ産機㈱ | D58: プレス機メーカー 保守部品等 | E58: 44998 | F58: 45794 | G58: B | H58: 一般購買品 | I58: ISO9001取得有り | L58: 〇 | M58: × | N58: × | O58: × | P58: =SUMIFS('2024'!J:J,'2024'!C:C,Sheet1!C58) -> 0 | Q58: ISO9001,ISO14001 | R58: 〇 | S58: 加工課 | T58: 消耗品 | U58: FAX | X58: 相模原市中央1-1-1 | Y58: 協栄生命相模原ビル3Ｆ | Z58: 229-0039 | AA58: 042-768-4536 | AB58: 048-499-3005 | AD58: 0 | AE58: ｺﾏﾂｻﾝｷ | AF58: FALSE | AH58: ミツイスミトモ | AJ58: オヤマ | AK58: 3 | AL58: 3974870 | AM58: 1 | AN58: 0 | AO58: FALSE | AP58: 1 | AQ58: FALSE
A59: 49 | B59: 234 | C59: オルガノ㈱ | D59: 表面処理設備の純水装置（イオン交換樹脂） | E59: 44967 | F59: 45777 | G59: B | H59: 一般購買品 | I59: ISO9001取得無し | L59: 〇 | M59: × | N59: × | O59: × | P59: =SUMIFS('2024'!J:J,'2024'!C:C,Sheet1!C59) -> 0 | R59: 〇 | S59: 加工課 | T59: 消耗品 | U59: FAX | X59: 千葉県船橋市潮見町８ | AA59: 047-434-0715 | AB59: 0466-97-3502 | AD59: 0 | AE59: ｵﾙｶﾞﾉﾄｳｷｮｳ | AF59: FALSE | AH59: ミズホ | AJ59: ホンゴウ | AK59: 3 | AL59: 0004262 | AM59: 2 | AN59: 0 | AO59: FALSE | AP59: 3 | AQ59: FALSE
A60: 50 | B60: 59 | C60: （株）テラオカ神奈川西支店 | D60: 計量器 | E60: 44967 | G60: B | H60: 一般購買品 | I60: ISO9001取得無し | L60: 〇 | M60: × | N60: × | O60: × | P60: =SUMIFS('2024'!J:J,'2024'!C:C,Sheet1!C60) -> 0 | R60: 〇 | S60: 加工課 | T60: 計量器 | U60: FAX | X60: 厚木市南町13-19 | AA60: 046-229-2250 | AB60: 046-229-3380 | AD60: 0 | AE60: テラオカ | AF60: FALSE | AK60: 1 | AM60: 普通 | AN60: 0 | AO60: FALSE | AP60: 1 | AQ60: FALSE
A61: 51 | B61: 764 | C61: 東莞美対精密電子有限公司 | D61: エンボステープ | E61: 44958 | F61: 45450 | G61: B | H61: 一般購買品 | I61: ISO9001取得有り | L61: 〇 | M61: 〇 | N61: △ | O61: × | P61: =SUMIFS('2024'!J:J,'2024'!C:C,Sheet1!C61) -> 0 | R61: 〇 | S61: 加工課 | T61: 梱包資材 | U61: メール
A62: 52 | B62: 874 | C62: ㈱ トミタ | D62: MITUTOYO原器の構成、エンボステープ | E62: 44988 | G62: B | H62: 一般購買品 | I62: ISO9001取得無し | L62: 〇 | M62: × | N62: × | O62: × | P62: =SUMIFS('2024'!J:J,'2024'!C:C,Sheet1!C62) -> 15972745 | R62: 〇 | S62: 加工課 | T62: 測定器、エンボステープ | U62: メールorFAX | V62: 浅賀・長井 | W62: <asaga@tomitaj.co.jp> 、<y-nagai@tomitaj.co.jp> | X62: 神奈川県伊勢原市高森3-1-4 | AA62: 0463-91-3250 | AB62: 0463-91-3256
A63: 53 | B63: 926 | C63: テルヤ電機 (株) | D63: 自動機用パーツ | E63: 45015 | G63: B | H63: 一般購買品 | I63: ISO9001取得無し | L63: 〇 | M63: × | N63: × | O63: × | P63: =SUMIFS('2024'!J:J,'2024'!C:C,Sheet1!C63) -> 1013964 | R63: 〇 | S63: 技術部 | T63: 自動機ﾊﾟｰﾂ | U63: メールorFAX | V63: 鴨川 | W63: j_kamogawa@teruyadenki.co.jp | X63: 神奈川県厚木市栄町2-8-8 | AA63: 0462-44-3911 | AB63: 0462-44-3985
A64: 54 | B64: 15 | C64: （株）イイダ | D64: 商社 色々なものを購入している | E64: 45001 | G64: B | H64: 一般購買品 | I64: ISO9001取得無し | L64: 〇 | M64: × | N64: × | O64: × | P64: =SUMIFS('2024'!J:J,'2024'!C:C,Sheet1!C64) -> 2043105 | R64: 〇 | S64: 加工課 | T64: 消耗品 | U64: FAX | V64: 落合 | W64: <ochiai@iida-net.co.jp> | X64: 神奈川県厚木市妻田西1-31-40 | Y64: 松井産業第5ビル103 | Z64: 243－0815 | AA64: 046－223－3401 | AB64: 046-223－2474
A65: 55 | B65: 1184 | C65: 世紀㈱ | D65: 成形用ヒーター | E65: 44985 | F65: 45835 | G65: B | H65: 一般購買品 | I65: ISO9001取得有り | L65: 〇 | M65: × | N65: × | O65: × | P65: =SUMIFS('2024'!J:J,'2024'!C:C,Sheet1!C65) -> 3480700 | R65: 〇 | S65: 技術部 | T65: 金型部品 | U65: メールorFAX | V65: 林 | W65: tokumori-hayashi@seiki-hot.com> | X65: 東京都中央区日本橋本町3-9-4 | AA65: 03-66904201 | AB65: 03-6690-4204
A66: 56 | B66: 1011 | C66: 川島金属 | D66: 金型ダイセット | E66: 44985 | F66: 45842 | G66: B | H66: 一般購買品 | I66: ISO9001取得有り | L66: 〇 | M66: × | N66: × | O66: × | P66: =SUMIFS('2024'!J:J,'2024'!C:C,Sheet1!C66) -> 4304000 | R66: 〇 | S66: 技術部 | T66: 金型部品 | U66: メール | V66: 池田 | W66: <takurou-ikeda@kawashima-kinzoku.co.jp> | X66: 埼玉県川口市江戸1-11-28 | AA66: 048-284-4711 | AB66: 048-282-5258
A67: 57 | B67: 984 | C67: ㈱関東機工 | D67: プレス機点検 | E67: 45015 | G67: B | H67: 一般購買品 | I67: ISO9001取得無し | L67: 〇 | M67: × | N67: × | O67: × | P67: =SUMIFS('2024'!J:J,'2024'!C:C,Sheet1!C67) -> 3555000 | R67: 〇 | S67: 加工課 | T67: 設備管理 | U67: メール | V67: 高塀 | W67: takahei@kantojapan.com | X67: 神奈川県相模原市緑区橋本台1-27-21 | AA67: 042-773-5517 | AB67: 042-772-6673
A68: 58 | B68: 1148 | C68: アルミネ | D68: アルミネ | E68: 45015 | G68: B | H68: 主要材料 | I68: ISO9001取得有り | J68: 46117 | K68: GCC | L68: 〇 | M68: 〇 | N68: △ | O68: × | P68: =SUMIFS('2024'!J:J,'2024'!C:C,Sheet1!C68) -> 539263 | R68: 〇 | S68: 加工課 | T68: 材料 | U68: メール | V68: 黒川 | W68: kurokawa-a@almine.c.jp | X68: 東京都千代田区大手町2-1-1 | Y68: 大成大手町ビル14階 | Z68: 100-0004 | AA68: 03-3245-1700 | AB68: 03-3245-1730
A69: 59 | B69: 1137 | C69: ㈱菱光社 | D69: Nikon測定器 | E69: 45015 | G69: B | H69: 一般購買品 | I69: ISO9001取得有り | J69: 46117 | K69: GCC | L69: 〇 | M69: 〇 | N69: △ | O69: × | P69: =SUMIFS('2024'!J:J,'2024'!C:C,Sheet1!C69) -> 0 | R69: 〇 | S69: 加工課 | T69: 材料 | U69: メール | V69: 黒川 | W69: kurokawa-a@almine.c.jp | X69: 東京都千代田区大手町2-1-1 | Y69: 大成大手町ビル14階 | Z69: 100-0004 | AA69: 03-3245-1700 | AB69: 03-3245-1730

Sheet 2024
B1: ２０２４年度
B3: 調査日 | D3: 45662
B4: 項番 | C4: 供給者 | D4: 購入品 | E4: 最終購入日 | F4: 最終購入日からの経過日数 | G4: R値 | H4: 累計購入回数 | I4: F値 | J4: 累積購入金額 | K4: M値 | L4: 総合点数 | M4: ランク | O4: R値：最終購入日 | Q4: F値：購入回数 | S4: M値：購入金額
B5: 1 | C5: MAアルミニウム㈱ | D5: A1050-H24 | E5: 45652 | F5: 10 | G5: 5 | H5: 81 | I5: 4 | J5: 198335080 | K5: 5 | L5: 14 | M5: B | O5: 5 | P5: 最終購入日３０日未満 | Q5: 5 | R5: 100回以上 | S5: 5 | T5: １千万円以上
B6: 2 | C6: MAアルミニウム㈱ | D6: A5052-H34 | E6: 45446 | F6: 216 | G6: 1 | H6: 3 | I6: 1 | J6: 501309 | K6: 1 | L6: 3 | M6: F | O6: 4 | P6: 最終購入日６０日未満 | Q6: 4 | R6: 70回以上 | S6: 4 | T6: ５００万円以上
B7: 3 | C7: 古川電工㈱ | D7: C1020-1/2H | E7: 45621 | F7: 41 | G7: 4 | H7: 12 | I7: 1 | J7: 29643051 | K7: 5 | L7: 10 | M7: C | O7: 3 | P7: 最終購入日９０日未満 | Q7: 3 | R7: 50回以上 | S7: 3 | T7: 300万円以上
B8: 4 | C8: ㈱プロテリアル金属 | D8: Ni201-1/2H | E8: 45646 | F8: 16 | G8: 5 | H8: 10 | I8: 1 | J8: 49831705 | K8: 5 | L8: 11 | M8: C | O8: 2 | P8: 最終購入日180日未満 | Q8: 2 | R8: 30回以上 | S8: 2 | T8: １００万円以上
B9: 5 | C9: 大同特殊鋼㈱ | D9: Ni201-1/2H | E9: 45495 | F9: 167 | G9: 2 | H9: 2 | I9: 1 | J9: 623186 | K9: 1 | L9: 4 | M9: F | O9: 1 | P9: 最終購入日181日以上 | Q9: 1 | R9: 29回以下 | S9: 1 | T9: 99万円以下
B10: 6 | C10: 片木アルミ | D10: A1050-H24 | E10: 45639 | F10: 23 | G10: 5 | H10: 1 | I10: 1 | J10: 236368 | K10: 1 | L10: 7 | M10: C
B11: 7 | C11: ＣＳＡＣ(台湾メーカー) | D11: A1050-H24 | E11: 45653 | F11: 9 | G11: 5 | H11: 87 | I11: 4 | J11: 38346348 | K11: 5 | L11: 14 | M11: B
B12: 8 | C12: ＣＳＡＣ(台湾メーカー) | D12: A5052-H34 | E12: 45639 | F12: 23 | G12: 5 | H12: 37 | I12: 2 | J12: 10985990 | K12: 5 | L12: 12 | M12: C | O12: 15点 | P12: A
B13: 9 | C13: 石塚化学 | D13: AY564 | E13: 45643 | F13: 19 | G13: 5 | H13: 55 | I13: 3 | J13: 18456325 | K13: 5 | L13: 13 | M13: B | O13: １３点 | P13: B
B14: 10 | C14: 岡田紙業 | D14: FRA7507OP MP-6 | E14: 45651 | F14: 11 | G14: 5 | H14: 4 | I14: 1 | J14: 262360 | K14: 1 | L14: 7 | M14: C | O14: ７点 | P14: C
B15: 11 | C15: ユケン工業㈱ | D15: FD102N | E15: 45645 | F15: 17 | G15: 5 | H15: 10 | I15: 1 | J15: 1842500 | K15: 2 | L15: 8 | M15: C | O15: 5点 | P15: D
B16: 12 | C16: 新日本化成㈱ | D16: 硝酸 | E16: 45642 | F16: 20 | G16: 5 | H16: 5 | I16: 1 | J16: 120000 | K16: 1 | L16: 7 | M16: C | O16: 4点以下 | P16: F
B17: 13 | C17: 東京プロト㈱ | D17: トレイ | E17: 45651 | F17: 11 | G17: 5 | H17: 60 | I17: 3 | J17: 23282660 | K17: 5 | L17: 13 | M17: B
B18: 14 | C18: 東ソー株式会社 | D18: HC-370 | E18: 45637 | F18: 25 | G18: 5 | H18: 6 | I18: 1 | J18: 848000 | K18: 1 | L18: 7 | M18: C
B19: 15 | C19: タイヨー㈱ | D19: ダンボール、紙 | E19: 45651 | F19: 11 | G19: 5 | H19: 159 | I19: 5 | J19: 2798957 | K19: 2 | L19: 12 | M19: C
B20: 16 | C20: 東海鋼鉄㈱ | D20: 金属プレート | E20: 45639 | F20: 23 | G20: 5 | H20: 382 | I20: 5 | J20: 4928081 | K20: 3 | L20: 13 | M20: B
B21: 17 | C21: パンチ工業 ㈱ | D21: 金型パーツ | E21: 45652 | F21: 10 | G21: 5 | H21: 333 | I21: 5 | J21: 3836641 | K21: 3 | L21: 13 | M21: B
B22: 18 | C22: 東栄電化工業㈱ | D22: アルマイト | E22: 45651 | F22: 11 | G22: 5 | H22: 26 | I22: 1 | J22: 1699686 | K22: 2 | L22: 8 | M22: C
B23: 19 | C23: 日本ケミカル電子㈱ | D23: メッキ | E23: 45650 | F23: 12 | G23: 5 | H23: 23 | I23: 1 | J23: 1699686 | K23: 2 | L23: 8 | M23: C
B24: 20 | C24: 藤沢紙工㈱ | D24: コーナーアングル | E24: 45650 | F24: 12 | G24: 5 | H24: 4 | I24: 1 | J24: 78168 | K24: 1 | L24: 7 | M24: C
B25: 21 | C25: 双葉電子工業（株） | D25: 金型部品、プレート | E25: 45602 | F25: 60 | G25: 3 | H25: 46 | I25: 2 | J25: 4763331 | K25: 3 | L25: 8 | M25: C
B26: 22 | C26: キョクサン | D26: ウエス | E26: 45637 | F26: 25 | G26: 5 | H26: 10 | I26: 1 | J26: 113600 | K26: 1 | L26: 7 | M26: C
B27: 23 | C27: 日本コーティングセンター | D27: パーツコーティング | E27: 45559 | F27: 103 | G27: 2 | H27: 20 | I27: 1 | J27: 216350 | K27: 1 | L27: 4 | M27: F
B28: 24 | C28: ㈱マルアイ | D28: ビニール袋 | E28: 45607 | F28: 55 | G28: 4 | H28: 2 | I28: 1 | J28: 161340 | K28: 1 | L28: 6 | M28: D
... B64: 60 | C64: アルミネ | D64: A1100-H24 | E64: 45621 | F64: 41 | G64: 4 | H64: 3 | I64: 1 | J64: 539263 | K64: 1 | L64: 6 | M64: D
